product_id,trade,category,quality_grade,region,quality_score,brand_reputation,market_demand,seasonal_factor,competition_level,price
PRICE_PROD_000,farmer,pesticides,B,west,76.22430139630325,69.05854877825013,75.38112152904374,-10.811571295185377,9.520855548737515,43.25355846867625
PRICE_PROD_001,artisan,dyes,B,north,64.97790678737927,72.61283670774247,19.32612264491241,13.527848871487713,4.914467664988205,42.91435983197804
PRICE_PROD_002,electrician,outlets,A,north,81.0975949407039,89.83457300795995,15.702562185618048,18.119313018481115,3.5754084376132567,48.17418327408196
PRICE_PROD_003,artisan,tools,D,east,27.313239258715235,30.047739487314452,65.9623412408672,7.39387612547565,2.0062902256044826,47.64436607504571
PRICE_PROD_004,mobile_repair,screens,B,west,61.61436805203908,66.08628047363878,42.16275791075023,6.8132862137418115,1.1149107071944604,45.55801594651782
PRICE_PROD_005,carpenter,wood,A,south,87.96622283262735,58.68948583982247,26.514718339506345,-6.251283057673325,8.41123721593083,42.31168447060483
PRICE_PROD_006,mason,mortar,D,central,26.34169097297568,51.31872683797384,20.464944471715008,-17.57256596664044,9.84472021086951,9.744353907080828
PRICE_PROD_007,artisan,patterns,D,north,35.226487351328025,45.05956542758299,56.335899979527575,3.5132004337859684,5.81200047180269,25.397917895991394
PRICE_PROD_008,appliance_repair,parts,B,west,66.01491737137833,55.01545644865245,40.500682097988204,-7.882527623419424,8.341318129869652,39.994521451509286
PRICE_PROD_009,welder,metals,D,central,26.85447347405436,32.055594129174416,50.864063171976625,12.83290617250725,6.552111284477074,16.37567819109076
PRICE_PROD_010,mason,tools,D,south,34.20794593337729,60.28704375322357,30.710745950911278,17.10607245824692,3.965122208941838,51.0797642349494
PRICE_PROD_011,mason,mortar,B,west,63.38812744466293,46.83124432289432,43.51720039765337,5.557135997611397,1.469513068866644,43.092496392856305
PRICE_PROD_012,electrician,switches,C,north,48.43770910626464,34.14132370268302,88.03999189178856,-9.012203022640524,6.347917644166268,32.9115868566601
PRICE_PROD_013,welder,gas,D,central,27.781250822083607,39.489117851182826,58.3408193335581,-8.186138838105098,4.802908502612708,22.958733224401396
PRICE_PROD_014,plumber,tools,C,west,58.31055233171246,43.7582829116423,85.63064195440363,-12.911017341205637,2.293163395447389,76.88309612212083
PRICE_PROD_015,plumber,sealants,D,south,36.25981915138219,72.81455970742824,23.218318495633152,-2.30823521373393,1.015681089872532,35.44083984707972
PRICE_PROD_016,welder,safety_gear,B,east,66.53702083431718,39.97024637407896,66.07325715946179,8.954091854725558,3.228943833713981,39.43866858624646
PRICE_PROD_017,homestay_owner,linens,D,central,23.92875746620577,51.57080949620091,88.66287153595367,10.2730105254413,3.0285140656887117,34.29436399954796
PRICE_PROD_018,appliance_repair,manuals,B,south,76.8251643115165,88.21322398636984,88.93553061243512,-5.594578947150769,5.442481886118237,56.03270792326835
PRICE_PROD_019,homestay_owner,amenities,D,west,20.400301388171613,52.22535751797832,33.1711609721122,-17.22093187182493,7.458592537560042,12.274581602610542
PRICE_PROD_020,appliance_repair,parts,B,central,65.35689838871046,79.72958254956231,59.42156427360245,7.552451432710438,2.8960415475175902,64.24569801480231
PRICE_PROD_021,plumber,fixtures,D,east,31.752983122042533,51.35186909839689,33.029448320224944,1.196043104335022,9.6433786901147,15.954309558220027
PRICE_PROD_022,appliance_repair,diagnostic_tools,D,north,20.03851668859994,32.51825438065981,53.0014930865038,-4.506484266796029,2.447212710868662,37.48531467918855
PRICE_PROD_023,appliance_repair,manuals,C,south,43.96943292166492,34.56123014027232,25.065134015536774,9.213675255085295,9.462729886868038,14.979408257944817
PRICE_PROD_024,artisan,tools,C,south,52.551004181740836,37.71540204320986,58.78237821108289,19.972536787524135,3.8724924442104154,65.77929604079291
PRICE_PROD_025,welder,gas,A,central,96.22776045820125,74.57659232877566,64.4396940587847,-10.522917655035515,6.4664671088463335,55.01683622478626
PRICE_PROD_026,appliance_repair,tools,A,central,90.47446326367678,22.431180902988043,44.13967643466112,19.393397132742813,8.379608420954213,71.54498982055242
PRICE_PROD_027,carpenter,tools,A,east,92.7552903843666,37.20675552576701,44.588517265932225,-7.633543465425605,8.626926296111884,74.23918519437792
PRICE_PROD_028,welder,rods,C,west,52.30845349417652,52.8457483278632,79.67673904840436,10.221543292920789,3.5213687059735292,39.236623025956305
PRICE_PROD_029,welder,tools,A,north,94.96183774351597,40.23680718344376,17.115726233746713,-18.283155116456726,2.1153177447625477,77.10008982192188
PRICE_PROD_030,farmer,pesticides,C,north,48.78625205279006,59.53247876032271,15.236345603299473,12.634631219444742,2.8952067208594157,34.165926691299575
PRICE_PROD_031,carpenter,nails,C,central,48.49273043165813,62.29721055556188,34.971700015102385,-10.269326729012018,7.17278319399129,26.501125174525193
PRICE_PROD_032,electrician,breakers,A,central,83.17876437987431,89.10261574122251,23.71360516962924,1.6138114671620087,8.502645926409254,47.92596200933642
PRICE_PROD_033,electrician,tools,C,north,40.20118479580038,26.831699481855743,58.47477187039547,-10.60585021500534,7.894526817860069,32.09324227666646
PRICE_PROD_034,plumber,pipes,C,west,59.706145282318865,83.17676919546174,88.90141339971073,-19.01474777255272,6.509408023564583,44.9927170266367
PRICE_PROD_035,artisan,dyes,D,north,22.52310558624777,59.59148515534737,49.01010704957972,-17.842690692671198,9.059454758354928,16.1985596795463
PRICE_PROD_036,mason,stones,A,west,81.24801872250329,73.59851206443355,62.928107457160905,12.471100444662312,2.4095266725631226,54.468559995449056
PRICE_PROD_037,homestay_owner,furniture,A,central,85.89156458895248,46.12844936792057,77.65230542603545,3.7471502043399525,5.037429204164223,45.771220288638816
PRICE_PROD_038,artisan,materials,B,south,70.67963254951036,36.19102652755588,42.18870208333023,1.5605567111522873,6.39160411984826,33.1795088496033
PRICE_PROD_039,mason,stones,C,west,43.36460209824793,22.491624236320476,85.50967904461085,-4.636190571303134,9.66230187296785,20.198038035275314
PRICE_PROD_040,plumber,sealants,D,north,36.85123427830155,46.04953771523895,12.973724523055532,-14.366700268120386,4.138234735608445,21.943174465007882
PRICE_PROD_041,mason,cement,D,central,24.72891024276209,34.612795202105744,35.525279897550284,-7.81880100311016,1.0884081043392464,19.578298382697607
PRICE_PROD_042,homestay_owner,decor,A,north,91.8636996306295,64.58090879696373,60.96900246440599,-14.579924981814845,7.520179159245206,50.94670755936575
PRICE_PROD_043,farmer,pesticides,B,south,65.04454824800692,49.77592820309585,29.96192373422538,18.65733674864658,8.218450499014521,30.854887129972347
PRICE_PROD_044,appliance_repair,diagnostic_tools,D,central,32.12263852006037,75.235003479643,58.59394740690294,17.71957678809776,6.427121329212969,62.08610521153328
PRICE_PROD_045,appliance_repair,parts,D,central,34.0469763913828,33.56405777521583,61.1244617696459,3.5379752912399134,7.9542556793390595,23.2040763074445
PRICE_PROD_046,carpenter,nails,D,east,22.336279365315356,79.50761787277597,28.987913568075896,16.16145170855708,9.154407885038237,19.39441371304575
PRICE_PROD_047,farmer,pesticides,B,south,60.45217104903362,26.230903426373846,48.78044052035364,4.178516742608295,8.654422610208425,22.450643911014826
PRICE_PROD_048,plumber,fittings,C,south,42.574817256555534,26.115556468115884,66.90137889032468,18.49192018491611,4.656709398343829,30.20544674366144
PRICE_PROD_049,farmer,seeds,D,east,34.622655142055265,86.00948869172808,34.75080543316065,-13.408943614968898,4.142285691323378,32.56353625945502
PRICE_PROD_050,homestay_owner,supplies,A,west,92.5979180827953,59.98165256957953,58.15540494137616,-10.64140122899623,2.8330094433505475,60.52831331959396
PRICE_PROD_051,welder,metals,D,west,23.74411364710245,77.97681695635237,41.71906129078778,-9.589984027615603,7.299183693240684,24.254295374189613
PRICE_PROD_052,mason,cement,D,east,24.579143156843248,36.52705638688632,12.53383970438831,-11.499797002155368,6.390286755289805,9.926241729086753
PRICE_PROD_053,carpenter,screws,D,east,33.387546042151655,47.02898983944546,14.496374632226612,-19.99113421104945,6.751811820972681,15.514195768617531
PRICE_PROD_054,mobile_repair,screens,D,south,21.020996308470927,71.24498165124723,38.58212053142996,9.508785439756249,1.5584572208048786,29.094387149343504
PRICE_PROD_055,farmer,tools,D,west,20.24400534594181,75.39418484269628,73.09117257648481,-6.124861975030079,5.196838775901009,57.53129286099878
PRICE_PROD_056,welder,tools,C,west,52.30257365787011,25.448597948986748,63.57997510707513,-11.408838184145814,4.478485640246944,49.61604334510053
PRICE_PROD_057,mason,cement,C,east,48.63746130424297,46.950697247033716,34.99190549626694,3.359681013311679,4.06533938122592,32.15658136178095
PRICE_PROD_058,farmer,tools,D,east,21.794994265062385,82.86345806397716,76.9258670339489,-7.007032083819391,8.90857378622507,45.480283434551644
PRICE_PROD_059,farmer,equipment,A,west,96.70131105577693,72.68044800912368,59.799902124972505,6.587474706215161,3.2060750106251765,140.63894953959533
PRICE_PROD_060,plumber,pipes,B,west,68.46111668493002,57.76332647238766,88.55232979467245,5.426839701175929,5.42149683485088,45.63821270435181
PRICE_PROD_061,carpenter,nails,C,east,42.89242578537986,86.79936450533738,46.817750003586056,-2.615030609393891,8.554988201865504,34.131018716486835
PRICE_PROD_062,mobile_repair,parts,D,east,34.71065845155937,86.29518412774628,24.1373175621848,14.805051777343117,2.4177176408853716,44.49552674053935
PRICE_PROD_063,electrician,breakers,D,west,20.17207126150242,20.745933719931013,15.785499663199918,-13.574074117519954,9.168306727912576,9.922472348553548
PRICE_PROD_064,mason,stones,C,south,41.31339480460669,31.751398214900156,58.93278228374507,12.568040776456137,9.307113938856489,21.120574405010313
PRICE_PROD_065,plumber,tools,C,north,51.861198265598524,39.16710120412664,57.21281359462593,11.393627484825963,9.972602801696798,45.045273063075605
PRICE_PROD_066,artisan,threads,B,south,60.1346241085082,50.76424486302048,59.85435973338098,-4.561988771985943,5.4711238877834,39.03988318506732
PRICE_PROD_067,appliance_repair,tools,B,north,68.50493413479097,84.0047586035522,38.54627546411507,0.3837925338992143,6.513090630686237,77.55431392395657
PRICE_PROD_068,plumber,fixtures,A,east,91.0134885261026,40.34778325876391,49.61478928008991,9.713048977234386,8.888575909111678,44.435000294610205
PRICE_PROD_069,electrician,outlets,A,south,83.22813742673434,67.22779019299526,88.95136424680287,14.059284447360419,7.089156687913141,54.806991401105996
PRICE_PROD_070,farmer,equipment,A,west,95.13888350642723,82.11150128365084,35.74632412474137,-12.04611608383006,2.2198707845253196,156.84143457818107
PRICE_PROD_071,homestay_owner,linens,D,central,24.309928811593082,51.48156492854087,18.60916358537584,11.804666971767471,7.815094140816786,13.690275236751912
PRICE_PROD_072,farmer,seeds,A,east,97.72810928983671,25.347143750971206,83.77003748228356,-7.622804501258894,2.0701057948353077,52.00652045191974
PRICE_PROD_073,artisan,tools,B,north,65.59038797765166,82.62066043872491,85.874092754008,11.078338839441756,7.88462731915621,97.19481808116392
PRICE_PROD_074,farmer,seeds,A,central,99.60580767646643,86.7849617812638,66.09076719860886,-10.162791481512073,5.6215133707522025,66.22202706258034
PRICE_PROD_075,electrician,switches,C,west,50.23406966267879,61.309191653483225,11.738278759725258,-3.8554200276458417,5.2315938230857215,26.11706373437888
PRICE_PROD_076,artisan,dyes,D,east,39.18366395515691,74.0770009202916,32.20259209907848,2.6054812615272382,4.938697122312143,31.634515263908366
PRICE_PROD_077,carpenter,nails,D,central,27.344589490758395,34.99542924288703,28.848702048896477,-11.164440802113393,4.908306797511685,15.838179488593397
PRICE_PROD_078,welder,gas,A,west,92.35917298890558,86.28266266000395,16.689127967101626,-17.508627244457347,2.1108927708794964,50.642359925446435
PRICE_PROD_079,homestay_owner,supplies,D,central,37.255674991466016,60.38686994934445,69.81982268107693,-10.930574445498028,5.313600076983742,38.06231626987892
PRICE_PROD_080,mason,stones,A,east,85.26043313867241,24.04847232814899,39.5032587305828,-6.316268916745287,9.890051240507507,27.024039098430148
PRICE_PROD_081,electrician,breakers,B,east,72.22737073401278,81.39706457160779,35.40555921281176,-0.4977732717625045,3.779301927388749,47.03078465290733
PRICE_PROD_082,farmer,fertilizers,C,north,57.671787300498444,64.11492523910512,33.646383179517024,9.08499447309882,9.577069070928966,26.644612058839275
PRICE_PROD_083,mobile_repair,batteries,C,east,41.21621714391335,71.4452689203807,39.794996078487145,-17.87370628784998,4.971149192421585,31.5789187555727
PRICE_PROD_084,carpenter,finishes,A,north,90.51430200321991,86.17080031682143,56.09414439504701,2.087651540768377,7.4167106097453175,52.31223342546481
PRICE_PROD_085,farmer,equipment,A,west,99.25047328884963,21.634468108227498,17.133656200261367,-14.143451939222075,7.42535149876625,83.88608689169402
PRICE_PROD_086,appliance_repair,tools,C,north,42.46339242654164,63.388137205842185,52.61018541070438,8.445521446687764,9.948092966172267,47.17446232929014
PRICE_PROD_087,mobile_repair,batteries,C,east,53.753262354139615,73.84595491237482,89.14528505146025,11.941452362531955,4.3997842510089855,43.30322462660303
PRICE_PROD_088,artisan,patterns,B,north,71.07560076523043,46.69991510525371,86.79010446648613,1.8049283013967674,1.398499916769591,48.26877100967595
PRICE_PROD_089,artisan,dyes,A,south,82.42627242396836,79.1084123097983,49.01682392407827,-6.9579479624815335,5.971629256152006,51.4032815662135
PRICE_PROD_090,appliance_repair,diagnostic_tools,A,west,95.7575859960494,65.53418229416349,64.37895799727669,19.64344192080449,7.456607412818901,103.38991444106415
PRICE_PROD_091,homestay_owner,decor,B,central,67.94501011891106,55.92479883280236,51.78094066603559,6.2084716664270765,8.296696038034383,39.020728381391265
PRICE_PROD_092,mobile_repair,tools,B,south,67.0312413929797,81.04114552478134,53.32386395781043,2.9129704954919973,3.758549577500773,100.9280110572272
PRICE_PROD_093,artisan,patterns,A,east,86.78885300326736,26.19388212328106,49.816899536036075,-0.6645703206907712,5.220128706110262,39.46522416231045
PRICE_PROD_094,artisan,patterns,D,east,21.980866969230004,77.47571058383973,70.63361536724248,1.9385170177598923,6.059317994594451,29.044020850299027
PRICE_PROD_095,homestay_owner,amenities,A,south,86.35926484892917,83.22557074087192,29.974646290332156,-12.335418461473413,1.595568434425205,60.60913803175416
PRICE_PROD_096,welder,metals,D,south,33.363303510547055,88.96554687635313,69.75502230116422,-16.224624240952572,8.820942735222582,32.77445472402286
PRICE_PROD_097,electrician,breakers,C,south,56.466789944849324,75.25572296958035,47.62597184395683,-8.826631953908567,2.4497740030702935,45.86283280010776
PRICE_PROD_098,mason,bricks,A,west,82.96020497375741,89.91642036989555,67.57071142670294,-3.1578191350845515,8.785489195771245,50.938239488927074
PRICE_PROD_099,farmer,seeds,B,south,73.02151393672358,46.91663313178158,45.7954567081667,-7.018280398701208,3.9964891391379926,43.05617131947539
PRICE_PROD_100,electrician,tools,A,central,98.36063603070325,67.13808316577617,68.23801272290657,-19.498920571294107,5.571678317047203,99.77188872783623
PRICE_PROD_101,appliance_repair,diagnostic_tools,C,central,46.04683113900237,85.96462559165887,41.6345810689091,-10.637223549292333,4.115984158355415,73.4848502144341
PRICE_PROD_102,mason,bricks,B,north,79.5903951068066,88.25101677056149,88.75177479022928,-8.869975515858455,3.3275955268763484,63.66255217282675
PRICE_PROD_103,farmer,pesticides,B,north,62.287233546315015,58.57836657081947,30.887581840662335,12.348480772268871,7.599713681507691,34.780479210193924
PRICE_PROD_104,plumber,fittings,A,south,98.18967237125793,37.44152704283246,37.78547826014487,-7.479078269097709,2.346726955373135,49.17418329507535
PRICE_PROD_105,farmer,pesticides,D,south,30.360670067562136,86.63261086998622,84.21157613373204,13.655055208145939,3.2119490943849005,39.13978610073386
PRICE_PROD_106,mason,tools,A,south,89.73983393106998,48.433568198633715,54.94825585471328,-12.003778136217488,2.5947974998832724,86.90806045891559
PRICE_PROD_107,mason,mortar,D,north,32.7419694553417,44.20708586699095,66.94331292530688,-17.367592316297777,4.436160186441377,28.348554979523037
PRICE_PROD_108,appliance_repair,diagnostic_tools,D,central,20.60505958867044,85.83778782395126,80.93579867614307,8.665073404482058,1.098855808683889,83.13816790837
PRICE_PROD_109,electrician,breakers,C,north,41.792744388152855,42.08705321732502,66.5070214041225,-11.79846376920013,7.099877909779165,22.80526694127739
PRICE_PROD_110,welder,rods,A,north,98.43979737602046,20.318889103252957,68.04145113224938,-13.014191644642166,4.0510002966423135,48.0057618640284
PRICE_PROD_111,artisan,patterns,D,central,37.19257624785955,56.81483390398269,44.46426192267839,-4.630949526598162,7.57330360309334,25.189179814018058
PRICE_PROD_112,plumber,pipes,A,south,88.65135478654383,71.99889072266477,81.44625074525047,-11.565539575248959,6.207175423977762,52.21785167727137
PRICE_PROD_113,farmer,seeds,B,east,75.14711569400612,88.69795721539711,67.90102643066047,-8.22889331393695,4.1233501777581925,57.586179252741715
PRICE_PROD_114,mason,bricks,C,north,40.05318128896505,74.87846235377728,40.978689445431044,-15.793355674080377,9.392686717620746,25.913043910730067
PRICE_PROD_115,mobile_repair,batteries,A,east,97.65979330307437,49.22443526179876,39.27276056872671,15.660372992808284,3.6470820630211893,49.27697872417006
PRICE_PROD_116,plumber,pipes,C,north,41.87200048547005,86.80458931743351,23.392959788310623,6.867621277471791,9.897214777292099,26.458009767613113
PRICE_PROD_117,mason,tools,B,central,69.22345200716106,50.12273583975845,42.569878127427486,8.67398956008816,7.715623327165693,59.511344606757994
PRICE_PROD_118,homestay_owner,supplies,C,west,42.35125429208461,22.996916381842333,86.04225652845847,16.59873520128056,3.82557724363031,38.85900164203419
PRICE_PROD_119,mason,stones,C,central,43.85251642781558,68.59558977639193,60.32774966670737,-12.0003452300399,5.532288022763672,34.594220901588436
PRICE_PROD_120,artisan,patterns,D,west,29.491797085941926,24.69728175745501,59.233406466790335,0.2817431818022307,9.912675700418694,10.988180414498865
PRICE_PROD_121,mason,stones,A,west,92.79207112319574,38.73140158579628,77.70248343769873,16.415923287390044,8.403735136968987,44.38108008643446
PRICE_PROD_122,appliance_repair,tools,A,north,83.9680608480481,45.11699507522839,65.3025885147418,19.62159523045304,2.1051329387647164,105.97208631589176
PRICE_PROD_123,electrician,wires,C,south,58.96992909436451,35.958086440555654,13.237279485687523,17.3160132842143,5.04990077610706,27.03303619429951
PRICE_PROD_124,electrician,switches,B,south,60.82932084005623,59.464404571631434,66.55714785101807,14.942541213536686,9.473933023245483,32.4992807987095
PRICE_PROD_125,appliance_repair,diagnostic_tools,A,east,84.46010230818199,31.241981125357817,60.87524607605901,19.071972651466062,3.2371882334765614,93.65100414294909
PRICE_PROD_126,welder,gas,D,east,21.04826394609188,20.59101874247879,42.22717699963187,-18.801553552250084,9.707552797191015,10.320295407571914
PRICE_PROD_127,plumber,fittings,A,central,93.78223839247767,87.15081446963268,71.70059596732006,-8.602556842150445,1.3290318661330733,69.55354593901185
PRICE_PROD_128,homestay_owner,supplies,B,west,78.00013816937988,46.121562766422564,61.05739668989636,11.499966594826518,8.309046183737617,40.27017607692985
PRICE_PROD_129,carpenter,tools,C,north,49.54767444571175,79.8937830828483,87.67893854250374,-18.945445479920075,5.140747788779817,78.2520744077815
PRICE_PROD_130,farmer,equipment,C,north,53.621775291962,43.25826909566969,40.97165269768365,1.7350231186490248,1.6166440274359457,89.97714833817963
PRICE_PROD_131,electrician,switches,B,east,72.19321648751993,81.1437906327098,32.76557444055242,-12.839077568794814,6.790667933212868,44.93906884415714
PRICE_PROD_132,mason,stones,C,east,40.94968958760042,82.94872098360638,65.42305080881147,4.999919356032002,3.679994175482064,45.30304164318791
PRICE_PROD_133,farmer,equipment,A,south,82.13264787996776,44.471626052097285,70.1545453927352,19.48353645161633,2.5824309563771775,119.27326281785342
PRICE_PROD_134,farmer,tools,B,south,66.48202049559875,72.48770908249944,14.68610392654555,-19.227800333402833,5.239587520573246,70.59748943761136
PRICE_PROD_135,plumber,tools,C,south,44.402564274444224,89.79805307669046,57.26798032908329,-17.597005191322094,1.0925870481299138,87.86095963659103
PRICE_PROD_136,carpenter,wood,B,east,69.44686544811034,77.8420014504178,41.779076044925525,0.6826199060535565,2.335180217888431,51.3987990813069
PRICE_PROD_137,homestay_owner,linens,A,west,85.79655014560338,84.9195975494161,38.42946159504958,-8.676956383122935,5.386687571345286,51.574173905938316
PRICE_PROD_138,appliance_repair,tools,D,north,37.89008871374283,88.93365610371107,85.17562640858847,13.611191384592459,2.005813313367228,97.77236711752319
PRICE_PROD_139,artisan,patterns,D,north,24.66023879376414,64.61616617310936,53.84525105878224,-16.24590546188064,7.5224419760053145,19.425413963328065
PRICE_PROD_140,mason,stones,C,west,55.34402032646778,44.548209810210665,72.55925043136187,2.8132885853473297,7.975476786497959,32.71257981372
PRICE_PROD_141,appliance_repair,manuals,D,east,29.927865311575843,24.93156150790072,13.248824734265199,13.449718408310225,6.773556212279649,9.775005629681315
PRICE_PROD_142,mobile_repair,batteries,C,central,43.06107249265793,36.62499084569565,36.14773763130498,18.16306423891794,5.082835761311112,22.817228839091193
PRICE_PROD_143,electrician,breakers,B,north,68.1485309454087,66.99126008883005,66.63316523554245,-16.15445220595326,7.822417771122677,39.98411048808577
PRICE_PROD_144,farmer,tools,D,north,37.312926196143465,22.72354617186619,72.96413902022303,-14.061689927852665,3.262418202365742,50.90693166027116
PRICE_PROD_145,homestay_owner,furniture,D,central,39.1980266330592,52.73036939815931,37.35936309613581,-4.854728418699024,6.416298424958005,25.88215416636673
PRICE_PROD_146,mobile_repair,screens,D,south,22.303501168750955,65.54443693612711,15.51790563366577,-14.123411002645803,5.583791112712489,18.50277807399346
PRICE_PROD_147,homestay_owner,furniture,A,south,92.81060095886994,66.58767553772941,81.9801388701689,8.799643477073595,6.25332086657906,59.367899615305205
PRICE_PROD_148,artisan,tools,A,north,93.41278895642647,62.40263144420574,89.04967718695295,14.006381088298816,3.6902698367908875,124.80545194581705
PRICE_PROD_149,welder,metals,C,north,58.18352196762234,80.81743639721662,46.334576100489144,18.94234636311365,4.175808615008537,41.09124206737757
PRICE_PROD_150,mobile_repair,batteries,C,north,42.484673201528054,52.93610797048423,63.74825882857931,-13.436902051879805,9.196534003716877,22.516327429294027
PRICE_PROD_151,welder,metals,D,north,27.088150977266366,40.25501395009882,70.81088453269022,-15.116564315727912,8.926950125412622,17.934015488453205
PRICE_PROD_152,electrician,outlets,C,east,41.54033080272525,48.770245200178195,29.973427129614194,-3.495404362400663,5.299817550661564,24.39512763716999
PRICE_PROD_153,mason,stones,A,east,84.11095339062895,50.13866925067729,61.083497775775896,-7.957109807011653,4.859093417166804,51.70994350616844
PRICE_PROD_154,appliance_repair,manuals,B,south,65.65568743571674,40.662002381052375,21.363333376841958,-5.5779923017706565,1.9063521515624298,38.45873955344956
PRICE_PROD_155,electrician,tools,D,west,20.58990936773981,38.71968860864414,53.6196374211593,6.065866693114906,6.445253940099276,32.15864707285313
PRICE_PROD_156,appliance_repair,diagnostic_tools,D,west,23.903149388889965,48.97723257744618,71.75884345862623,11.378003246515544,5.643527794056695,43.22545480764808
PRICE_PROD_157,electrician,tools,B,east,66.41959344414863,44.76837119591661,62.84468634792052,1.0892722772161676,9.112227208970808,58.81095450682661
PRICE_PROD_158,appliance_repair,manuals,B,south,60.129216752817555,25.30097562813588,79.18953513197346,-13.665675313060351,7.374309504866334,27.580787620996066
PRICE_PROD_159,homestay_owner,decor,A,west,98.9737146539373,82.566364862705,72.69153677910126,-4.865811163352959,9.475540497358665,55.16419530989076
PRICE_PROD_160,mason,bricks,D,north,33.89340913530444,75.43244292969356,42.289859039860175,16.254863252483183,9.39847744010685,24.771041533112673
PRICE_PROD_161,mobile_repair,screens,C,east,51.84047538581396,37.780494410720294,36.20232159636066,8.556105935897797,7.555855192865224,26.10440874964964
PRICE_PROD_162,appliance_repair,diagnostic_tools,B,west,72.8095794092416,75.5375185012916,78.0432574035548,16.492428241048202,8.544499030716683,95.2802069713175
PRICE_PROD_163,mobile_repair,parts,A,north,99.07528686990733,60.31564877365537,54.44558511385995,-13.104853516852085,3.1634751494411173,66.60786717939106
PRICE_PROD_164,electrician,switches,A,north,82.43425190889675,84.12388958730531,32.83414723432806,-16.041353981571895,1.9923919706727586,49.04314454116958
PRICE_PROD_165,artisan,dyes,B,south,76.01920796451606,32.70407713931052,87.38031204356548,-10.423960446082212,7.54549903083556,40.44087379298319
PRICE_PROD_166,carpenter,tools,D,south,26.060225033696206,60.51050754690879,66.66813047710176,8.186700454354273,7.292362176710595,46.3144787937176
PRICE_PROD_167,artisan,threads,B,north,68.2754619369926,27.51791770846373,68.31792534022794,16.217236653069456,6.580196910609554,32.93518745819923
PRICE_PROD_168,plumber,tools,C,west,58.26740915232212,67.64863337016645,25.774495670341963,-6.072586030418083,3.2293520101635163,73.93894568221772
PRICE_PROD_169,mason,bricks,B,north,60.75644843463825,80.85060156815683,17.721721700505988,-7.803592892005629,6.686714154552911,34.80049554123112
PRICE_PROD_170,plumber,sealants,B,south,72.0004024112674,56.99168093754053,77.59805654203029,1.5456007897739745,7.744116173394083,40.12975270884512
PRICE_PROD_171,plumber,fittings,A,north,90.21896812499621,21.422809607837102,44.17411067663078,15.851206517794559,1.6467607926664019,48.705166840114195
PRICE_PROD_172,artisan,materials,A,east,92.40158558635179,83.02332723728533,49.39881796998199,-4.284959509441055,1.7260263972953886,57.8360275771032
PRICE_PROD_173,electrician,tools,B,west,75.6124605169552,54.6116167462752,65.61250376650761,10.829837387699015,8.394488833763738,77.57998927469333
PRICE_PROD_174,welder,rods,B,west,64.50623722252865,43.70481974267308,18.470203014980182,1.1657567531065425,5.199997718561237,29.489181436484696
PRICE_PROD_175,artisan,dyes,D,south,39.51830980679219,22.338137255625313,28.768233100664588,13.92586905776676,6.65273307045836,15.786007906630813
PRICE_PROD_176,mason,cement,B,east,69.3406218422779,72.49251330896081,66.42743255655178,4.254991420830898,5.856220563106641,48.83620141078152
PRICE_PROD_177,mobile_repair,screens,A,north,94.8403850742687,68.10247963495902,81.00506139760662,2.198505728117773,2.5712647516146006,60.47924310272099
PRICE_PROD_178,artisan,patterns,C,south,59.63415197861861,48.826728306631864,28.31938361648617,-6.016423378202681,9.09674487114438,24.867003823162307
PRICE_PROD_179,carpenter,screws,D,north,38.952323257900474,66.30219951826506,53.01710317641751,-15.991241872254651,6.617216449938694,29.828843419493616
PRICE_PROD_180,homestay_owner,decor,D,central,26.2009230166465,54.88224594877691,30.922276005225633,19.352847460537085,1.417359823294949,26.657717267842187
PRICE_PROD_181,electrician,outlets,C,south,45.12282244091543,63.65860800698545,12.243319556343648,12.484242082361249,2.3540674675096396,33.118908424099295
PRICE_PROD_182,welder,safety_gear,A,west,97.82655200918863,21.477369089346492,34.27147287879029,-14.968137727973536,7.20133608978564,37.26953800721262
PRICE_PROD_183,farmer,tools,B,north,74.37050276269744,81.1911066522708,58.520460807158344,-4.971418921919657,7.500650438812953,84.46614783759779
PRICE_PROD_184,homestay_owner,decor,D,east,27.553474414817835,89.95253838772604,73.14753868290853,-8.237907629838421,3.2098188454193677,38.17290459625032
PRICE_PROD_185,welder,metals,D,central,32.560700764365265,36.91255446277083,20.35739593329147,5.667504635083507,1.9311078021737158,22.85661012030422
PRICE_PROD_186,appliance_repair,diagnostic_tools,D,east,20.374235743644967,26.251672335582455,25.04011961829506,16.34528774255775,9.299641857715343,9.844160995279253
PRICE_PROD_187,appliance_repair,diagnostic_tools,D,central,30.47273062247967,79.95789588415047,13.908567674204217,11.204455480595325,6.165671935068467,45.76214360138639
PRICE_PROD_188,plumber,pipes,B,east,63.07951535723204,24.728770476746746,89.10785204011047,-17.45576468031662,2.1384958242926997,43.2647225847118
PRICE_PROD_189,farmer,tools,C,east,42.92444800266716,30.789906801346604,45.23010581899217,-10.285508600096227,9.328623407120654,30.05034480297602
PRICE_PROD_190,appliance_repair,manuals,B,west,76.67311609170726,51.508184106694046,89.09139949809087,17.284919527391658,7.232231389930363,51.205549834761264
PRICE_PROD_191,carpenter,nails,B,central,69.62919417706922,35.75634298855758,43.48724718036868,-0.4164699473680855,6.205064674207402,34.86624624436499
PRICE_PROD_192,mason,cement,B,north,76.40376888077571,28.97460380868684,39.11105909738312,-3.8585941811205657,5.2716992240190175,33.43280535079904
PRICE_PROD_193,mobile_repair,accessories,D,north,39.96872023829222,83.21660118881489,50.84572234170266,-2.427589120869719,8.365617191814755,47.89713938572698
PRICE_PROD_194,farmer,tools,C,central,56.09447097362888,45.92649601362355,75.67853412138983,8.084096790179732,6.269590702835081,68.37789052762555
PRICE_PROD_195,appliance_repair,diagnostic_tools,D,south,22.491998092828084,56.75949567315859,13.543461576911211,16.264993733581377,4.04159311974805,36.961304320183096
PRICE_PROD_196,carpenter,wood,D,north,24.041707412695818,29.461760396449225,41.97612496386293,-9.093891580611357,1.8467645203714178,21.29672440330494
PRICE_PROD_197,carpenter,nails,B,east,62.21670566108215,72.13230164686522,13.870975238774639,15.236041701355873,7.613284964546376,34.844834725477114
PRICE_PROD_198,artisan,materials,C,west,42.118641747185166,68.69467206891221,19.704296900131588,-2.2898854679790013,6.385844194605534,24.652468464060703
PRICE_PROD_199,mobile_repair,screens,D,north,21.03776315560669,87.07510185079701,80.57736403611426,17.890559615619573,9.246422890539485,27.166280040224684
PRICE_PROD_200,carpenter,wood,A,west,89.83764328049764,38.65558429689074,11.837463101210961,11.551658310648072,5.924747141231224,41.526991004700584
PRICE_PROD_201,appliance_repair,diagnostic_tools,A,east,94.06594699766806,29.2514865139867,11.438075213436383,10.301237866276345,5.986792902554857,68.21070088503228
PRICE_PROD_202,mobile_repair,accessories,C,north,42.44872234358209,47.32605923715815,13.455769467323275,-11.957197254444853,3.565768145118543,38.33316156962764
PRICE_PROD_203,welder,metals,C,east,40.30388093483868,25.315316372930152,88.14252291333533,9.095952773696553,7.857985725393018,26.559471289463964
PRICE_PROD_204,carpenter,finishes,C,east,54.40978463089803,34.576059198315036,63.602465176096025,9.846486964271193,6.173897307476899,29.986330069534354
PRICE_PROD_205,plumber,fixtures,A,south,95.87559640472936,86.43256543393306,57.321132429717174,3.465772112872454,1.0122223464248785,71.88541414441596
PRICE_PROD_206,homestay_owner,decor,B,west,77.62248207882762,24.000647936223455,89.60831658143596,6.782970567561634,4.788195970806935,42.14958585594741
PRICE_PROD_207,farmer,equipment,C,south,52.904513698713686,82.56561069400277,22.27796213674406,-19.5351061372292,3.622038183226339,96.10039086561133
PRICE_PROD_208,electrician,switches,D,central,33.60130360179379,62.28306355490748,17.571882508212767,-12.574511613596915,9.619467648195528,15.45659327305758
PRICE_PROD_209,mason,tools,D,east,24.777496463520283,45.30268249740605,82.80883894916334,14.628244559270712,8.810927222542466,40.86279476096381
PRICE_PROD_210,homestay_owner,supplies,A,north,91.58533492527351,20.87443194629086,11.530598156999456,-3.2922161033375517,5.889948175425085,38.02665633705359
PRICE_PROD_211,mason,tools,C,north,50.78243377782484,28.553899411303934,27.153843886786557,4.140784012343243,2.364119050280615,52.20677384209222
PRICE_PROD_212,electrician,wires,D,west,21.607621236613124,66.97793095000941,17.531643011979774,-1.3371483724074338,1.4691585081938445,22.71355436983692
PRICE_PROD_213,mason,mortar,B,east,77.58438998220392,41.625459902295205,36.41976335422736,-13.549802094228042,3.804150118023827,36.977417174562376
PRICE_PROD_214,mobile_repair,accessories,D,west,37.19359686318879,70.43165256648932,85.21706768537496,1.469475316554778,6.463875218074456,54.05280003717324
PRICE_PROD_215,artisan,materials,D,west,31.608642342758376,27.218464527838098,47.86419031534216,17.086874239808417,9.983061475098435,12.319726465993332
PRICE_PROD_216,mobile_repair,batteries,D,west,20.843448607607765,50.690286858115684,83.06964311409851,-17.0710511523938,6.380666109633107,21.3343753885744
PRICE_PROD_217,plumber,tools,A,east,86.60739482659561,76.84909817084116,52.24064044056776,-0.2777615048200772,5.334469909284541,107.9878310822214
PRICE_PROD_218,carpenter,nails,D,south,25.223282777699907,65.92976016950803,51.331661719863234,12.885093918186598,3.7390491181554273,29.278991051967914
PRICE_PROD_219,mobile_repair,parts,B,north,62.951765387517504,47.93260443164084,45.590293029174155,4.041772389926322,6.607137033250406,39.76604471634291
PRICE_PROD_220,carpenter,finishes,D,north,30.977526865596147,78.66911520001855,74.09931577276498,-2.680983672249738,1.3113424556931372,38.739237195671414
PRICE_PROD_221,farmer,pesticides,A,central,95.35174026662882,55.9580000032948,16.167899396474787,-10.353199302070948,6.365939020392388,41.93508904346167
PRICE_PROD_222,farmer,equipment,B,central,72.41807763727765,70.93032620959804,14.19947490459844,12.863922426433703,7.096308402021995,101.0987287948784
PRICE_PROD_223,mason,stones,B,south,77.92104731988798,61.64873623450302,47.9500317051711,2.1503270665035323,6.36685612184978,46.16726098819414
PRICE_PROD_224,carpenter,tools,B,north,62.603536947243335,20.145946442531432,41.325144476292365,-7.796640742678429,9.30593459071369,36.990645871473184
PRICE_PROD_225,mobile_repair,screens,C,east,58.37697272947508,23.56214447928307,79.90621242026893,-0.644693089757876,6.320908886422644,33.215555959138236
PRICE_PROD_226,plumber,sealants,C,central,59.595754757734795,83.4706149030156,44.471350754385085,12.436666134080319,2.9750594625891105,49.11286289548351
PRICE_PROD_227,welder,gas,C,south,47.11093385947961,24.301701752696374,42.156201109256074,17.53923253083697,2.8341668708717522,28.80214909391148
PRICE_PROD_228,welder,safety_gear,D,south,36.943244540076265,28.30918451709239,49.882196040830955,-17.591045623911437,1.6540139821162239,27.63440054020094
PRICE_PROD_229,carpenter,tools,C,central,49.82334542476267,68.47720176938009,51.199141160130885,-15.460937949028168,7.944515299429793,52.33489084292403
PRICE_PROD_230,welder,rods,D,central,37.19630175892364,47.92390510528165,81.10084103160294,-7.507441310809897,2.4798663195220243,32.448332736633766
PRICE_PROD_231,plumber,fittings,C,central,56.742671560818174,36.21801696041953,40.229366329011846,-1.3901364683963067,2.4234865644739023,34.999494075423705
PRICE_PROD_232,electrician,outlets,B,central,76.1901508490451,30.139320673771493,29.800670728949203,9.020619872037493,3.2983223204679377,40.78888282086237
PRICE_PROD_233,appliance_repair,manuals,B,east,79.05764796918805,79.5062855035138,75.81127403654601,19.930443851084824,7.849795027267668,52.128110000685275
PRICE_PROD_234,welder,gas,B,south,78.85415177344754,39.57103141546476,42.35358229499354,6.29388318079107,9.863767598516956,31.85186358331136
PRICE_PROD_235,plumber,fittings,C,west,43.07370132258641,80.33025784499898,26.73119819883654,-12.915478764411127,3.147451648598766,34.59294667126718
PRICE_PROD_236,carpenter,tools,B,south,71.60829512311959,22.71319116091618,11.753148547393826,3.3603716345147987,8.698046844192163,43.72028065029506
PRICE_PROD_237,mason,stones,A,central,85.45011043959636,74.11118114154351,81.70616647670704,-12.049960255161047,5.032406967459502,58.898108495650874
PRICE_PROD_238,appliance_repair,tools,D,south,37.32940428158754,61.98221324008228,62.177120523707366,-10.71372247195546,1.23077328665268,65.9126939356442
PRICE_PROD_239,homestay_owner,furniture,A,south,85.11133549896266,45.28670949556192,17.58750269068055,17.84149564855361,2.855172928884456,42.65114043883551
PRICE_PROD_240,welder,tools,C,east,45.168400488325915,23.863306557466743,25.437770042476046,-0.2895930635485833,6.318226839019546,31.121153486898777
PRICE_PROD_241,appliance_repair,diagnostic_tools,D,west,38.72445034799672,53.16183355628295,23.602664441943297,-11.090970170785756,4.763539091775488,40.961056039142946
PRICE_PROD_242,carpenter,tools,B,north,75.82958563522206,61.71420545759372,10.107300072746215,-7.9518228393529675,7.612337247605609,65.22815793669655
PRICE_PROD_243,mobile_repair,screens,C,west,40.72105338105123,59.46066365580652,19.920174448116683,-2.879465359166808,6.781308307627676,24.500903411730363
PRICE_PROD_244,carpenter,screws,D,south,39.16326019005984,41.77758326186418,55.797679196782795,-1.3916785188846745,9.780219015414062,20.178880652283002
PRICE_PROD_245,appliance_repair,manuals,D,east,34.7868230526343,72.60183115157571,33.75407640111568,-17.301982139063377,2.9088083798736637,31.22665334981465
PRICE_PROD_246,artisan,tools,D,south,24.89933933408403,87.57398395686045,32.73557733491991,3.7686606688223563,3.3239914155697856,54.26449011022705
PRICE_PROD_247,appliance_repair,diagnostic_tools,D,east,25.10638362582245,49.68142017560737,34.27454397110133,-3.5626924070431834,9.514107967966199,23.392513234795356
PRICE_PROD_248,homestay_owner,amenities,C,central,44.64685878973816,69.35696553828339,42.23630485151969,5.431464200392302,2.0031887521852627,38.60549286916763
PRICE_PROD_249,carpenter,nails,A,east,98.203690970456,41.06160986363763,43.55818927645313,14.009414189330116,8.39978308077476,44.61408895488857
PRICE_PROD_250,mobile_repair,tools,C,north,56.30214401802711,80.62935092042183,46.648559025322236,-15.997693462885788,2.3764022701094576,82.39275162513147
PRICE_PROD_251,carpenter,wood,A,south,83.36658942997234,64.88218669168822,46.30416465035015,-5.394430717956755,4.227754383385449,45.08724211911193
PRICE_PROD_252,mobile_repair,screens,D,north,22.73525009653558,40.28190851890706,15.136523394069714,-14.636037989239,4.904453373114631,11.375920175931798
PRICE_PROD_253,artisan,patterns,A,west,83.92713292414426,66.29721494017654,15.413443652517858,2.580332076895992,1.2985025512209205,49.24752548948709
PRICE_PROD_254,carpenter,tools,A,north,81.01956468665676,88.55073260728092,80.96650853941678,7.391417102782171,5.480248932823136,120.50403030885414
PRICE_PROD_255,welder,tools,D,north,22.725311707914763,51.36000798338511,65.94844869840948,19.36797736331326,5.678927266478178,48.309710961469165
PRICE_PROD_256,mobile_repair,parts,D,central,27.116431930344554,58.42603243000085,86.06673845329948,3.992872470276602,5.309734518313911,41.019310541854246
PRICE_PROD_257,appliance_repair,tools,C,north,40.99771454042876,85.84961966473604,70.23095706563798,-19.50692044076236,4.225037797262505,78.41692093664605
PRICE_PROD_258,farmer,fertilizers,D,west,20.125516609319643,39.7139729911995,21.807626760422075,-18.34447704910481,8.573388719213337,10.164160117462135
PRICE_PROD_259,appliance_repair,parts,B,east,71.00448201687355,78.09468271732345,51.27500637724694,-5.998556357668633,7.108041800583199,54.70119015801331
PRICE_PROD_260,homestay_owner,decor,A,north,94.83111727801037,26.537243074204355,42.31962659282688,-18.66369585346158,8.55790882379851,36.90870362724681
PRICE_PROD_261,plumber,tools,A,east,81.4895757655338,73.97800091623631,71.63712140121794,17.952651942043985,2.07807279393335,120.22159156371121
PRICE_PROD_262,electrician,tools,C,north,47.94782221814893,22.315455657849316,75.75477074976418,3.504676122541138,6.604401152347328,48.472688584679716
PRICE_PROD_263,mason,stones,B,north,62.54656604996241,76.6666879260768,82.93885858167394,-18.44446236434752,9.027345441434852,42.291989381861434
PRICE_PROD_264,mobile_repair,accessories,A,north,96.81561524943959,79.13008734830208,73.67384439489095,-7.5354193900493485,8.520535472447978,75.40609322900404
PRICE_PROD_265,plumber,pipes,C,west,42.55800458118347,77.57782164261798,58.265849473180666,-19.84471820895879,4.8530582019285085,36.52745685361213
PRICE_PROD_266,homestay_owner,supplies,C,west,48.469920278852214,32.070964334183635,10.088510895565213,15.8218646065217,2.10664917970752,27.7739919363584
PRICE_PROD_267,homestay_owner,amenities,C,east,57.702665702507474,65.21687245755501,57.39154795687702,18.785613575152283,3.5405543533437527,45.12326464147771
PRICE_PROD_268,farmer,equipment,C,north,56.83825511735427,75.74934704021172,53.52270479426805,2.1882449717232646,6.466800813689672,97.32104403440546
PRICE_PROD_269,appliance_repair,parts,C,west,47.22059980976669,51.778961646047165,73.66564791166827,-19.308609259154593,3.87045078987133,47.26847043149823
PRICE_PROD_270,carpenter,tools,D,west,24.62273352326253,84.82750388665441,11.819408168462724,-0.664834560238706,1.2328734290881451,55.73150855067867
PRICE_PROD_271,appliance_repair,parts,A,central,97.34405566268526,82.31814074938609,85.86715946834603,11.373970989813955,2.984016942562419,86.46703054733393
PRICE_PROD_272,homestay_owner,linens,A,north,95.07073200272363,74.70508462127873,80.24528090131142,19.710662954629285,7.011824231458961,64.3430474610242
PRICE_PROD_273,homestay_owner,furniture,D,west,23.402049150522124,80.79361875564314,79.12781354236239,-18.861585074130165,1.6117404053239661,34.336657261385234
PRICE_PROD_274,electrician,outlets,B,south,65.62732224853606,49.83497020558352,32.92253697901252,12.572618937309414,1.485396220561975,45.8518290156843
PRICE_PROD_275,artisan,materials,D,north,39.46186030360736,63.25975708889098,33.782071839771596,12.630646670177399,2.6401219305629877,32.298010502113904
PRICE_PROD_276,homestay_owner,amenities,D,west,35.67128422722869,37.825902403131465,89.79402627562077,-13.296829882372382,8.616720892540098,20.807266808710004
PRICE_PROD_277,mobile_repair,accessories,B,east,60.44087959155633,33.00711890604691,66.69415097791487,6.663807925759599,5.846211025393968,52.6437583950761
PRICE_PROD_278,farmer,seeds,A,central,87.39808791279445,58.130135440536854,18.580462582451176,2.8628791035688685,6.66615461121044,43.69372317581892
PRICE_PROD_279,welder,rods,A,south,82.04647542986896,20.113271631058044,19.9870681829349,-19.555906854895184,8.999304597140625,25.569598958259828
PRICE_PROD_280,farmer,equipment,D,central,30.238445716013302,71.23917935371335,17.638966156473856,-7.751099708522364,2.3277105446745465,73.2828830970664
PRICE_PROD_281,appliance_repair,tools,B,north,69.12551786396102,42.714971707084636,29.052707509570823,8.119498696462792,8.584138193769881,55.71531657104688
PRICE_PROD_282,mason,stones,C,south,44.4733789346513,87.39105891853545,47.953522544568735,-9.421002579553885,7.780033857027496,34.58393433099625
PRICE_PROD_283,mobile_repair,screens,D,south,21.88181327614437,39.47635097369891,54.678219677627396,14.05851740773975,3.8816972283123383,20.13247439695677
PRICE_PROD_284,artisan,threads,C,north,57.373433513799604,51.993174804254465,73.57796270038784,16.81271087739217,1.5902634160444353,47.742419946705105
PRICE_PROD_285,mason,cement,B,north,66.10222020907705,73.25149478669454,15.425355625080392,-8.286449090538763,6.978735596716826,34.91446965202171
PRICE_PROD_286,artisan,tools,B,east,62.97738547062699,41.595569646498774,56.42658909828883,-1.5183506484023503,9.708576023006831,49.9371470511863
PRICE_PROD_287,plumber,fittings,D,west,32.8065878220777,71.48121366332744,44.94434768861033,14.902625452162937,2.399878888345075,34.1460497677171
PRICE_PROD_288,artisan,tools,B,north,78.62536566721666,24.965814670886857,76.15035397937474,-10.318705221721585,5.659842648056269,77.9269479380757
PRICE_PROD_289,carpenter,tools,D,north,27.854212157361008,75.84259644781164,83.53114724149664,-13.96967435931057,2.184009585284413,77.51130268821471
PRICE_PROD_290,mobile_repair,accessories,B,west,73.31556450236127,35.18724001570695,11.920231779602917,-10.942390251288682,6.255034846950691,41.71543476724391
PRICE_PROD_291,artisan,materials,D,west,29.560432905920266,25.469053904607655,18.757779263506027,13.637473954561187,2.383539275637589,18.035188746169553
PRICE_PROD_292,appliance_repair,parts,D,north,22.02174191685942,60.456904813408876,44.78005572144373,-0.832712340421832,7.160173157742299,25.78195864724621
PRICE_PROD_293,artisan,patterns,B,east,66.84711442484723,21.013527209062833,20.55258339398435,-12.941991236614072,2.6382080770312375,31.43253418758236
PRICE_PROD_294,appliance_repair,diagnostic_tools,A,north,82.64745617546946,72.33443795479215,76.25377436988512,4.436210139680455,1.4297419254047952,108.12042768972542
PRICE_PROD_295,plumber,pipes,A,central,91.43505041434217,35.72002527482624,14.00993616675522,6.407178178614394,9.631089087563568,31.288441445536417
PRICE_PROD_296,mobile_repair,batteries,A,north,99.97218097910051,70.4753334748885,70.98780067198815,-11.816842698833767,6.681138622919569,60.74942878001876
PRICE_PROD_297,homestay_owner,amenities,B,south,73.65323970823138,59.208925954529406,80.2711202916037,-5.030919390179967,4.673693062977233,51.662566661167254
PRICE_PROD_298,carpenter,wood,A,north,88.18656316822799,63.43238752489361,57.62333030533152,18.794933838801512,8.092533625758035,49.67292429068194
PRICE_PROD_299,farmer,fertilizers,C,south,41.75800424630532,63.65607982539573,59.78925539557804,-5.539926935995499,3.6409594769927307,34.50345178144776
PRICE_PROD_300,appliance_repair,parts,D,north,36.51272218795265,82.81123676429756,88.95333582756562,-18.040133686733025,2.651700763384756,58.137809309140366
PRICE_PROD_301,welder,gas,A,east,94.27927502835561,87.4728893595101,24.57029454116399,-7.960778137172952,3.265680160659339,60.86611831568384
PRICE_PROD_302,welder,rods,B,west,66.26029099141527,56.79236145341583,10.476663133511837,19.50100386019323,2.7327606637893154,35.620888350029986
PRICE_PROD_303,electrician,switches,D,central,21.860682597458485,89.55763739688814,74.82173351979816,15.704444657146574,3.6484719007894184,35.481884541930775
PRICE_PROD_304,plumber,sealants,D,south,22.847576305325315,27.525835187558023,51.885828657121294,-17.712380018338116,7.593454810330485,9.440808449212481
PRICE_PROD_305,mobile_repair,parts,A,east,80.33886183888433,81.43216911020161,71.76174066127612,16.684015451354597,6.252963138149403,61.440439598735495
PRICE_PROD_306,electrician,switches,D,west,39.06880243971882,80.61544990914885,86.79147992067246,13.689296484999353,9.070353283918372,34.7715731757332
PRICE_PROD_307,artisan,tools,A,central,98.89036118548367,59.573259014076,62.584267286896846,10.203015058666871,8.285789470333697,96.31704869808797
PRICE_PROD_308,electrician,switches,C,east,54.74116270162722,86.30010400711008,14.250858064908698,-1.7144492906415962,1.516281236804164,38.28596242894271
PRICE_PROD_309,plumber,sealants,C,west,56.64529837603895,69.8018366747155,47.63971336747717,4.7629515662771595,4.179217181540151,38.17699133699926
PRICE_PROD_310,mobile_repair,parts,B,west,75.86325899484494,27.744772523081053,25.137959598383688,8.53408549871741,8.366822820545195,34.31924026773125
PRICE_PROD_311,welder,gas,A,central,82.62262940765373,39.80604562902732,17.67804023357065,-12.493633870926072,2.4916318721312907,38.355283654755496
PRICE_PROD_312,plumber,pipes,A,south,88.56824033299156,56.38792914063495,45.2975229041147,15.978726744762056,6.304472341727193,46.606934022540734
PRICE_PROD_313,plumber,tools,A,west,84.3990895488284,60.16764213194163,20.43843010133415,-6.650504489176257,3.8909205511590255,80.80438983689983
PRICE_PROD_314,farmer,pesticides,C,central,59.889579631881276,71.67719152101847,70.53735052138993,16.96736705212399,7.1104961877665,43.37527506083197
PRICE_PROD_315,homestay_owner,linens,B,south,75.777833574211,35.76993077034311,38.75432543433313,-16.270620051767047,5.426014484734991,37.736453480181474
PRICE_PROD_316,carpenter,wood,B,west,68.7689905716554,46.85129034730255,76.46472519958147,-8.903563748645169,7.5135274512842,34.77985199026648
PRICE_PROD_317,carpenter,wood,C,north,42.79576774958211,44.572370240332624,67.4371073243525,-9.25785115918616,3.7822617199281225,32.131305950247445
PRICE_PROD_318,mobile_repair,accessories,C,west,40.48582634120116,39.67344959896879,61.5967830544761,18.698352690907953,9.308164300004673,33.70341380319296
PRICE_PROD_319,electrician,wires,B,north,72.81614632271257,34.84823021558074,22.025343784700286,5.357304501262597,1.9084718199396074,34.648483975610816
PRICE_PROD_320,mobile_repair,accessories,D,central,39.2666945272549,52.04212607725339,50.00542942799633,-13.228012438849346,6.519892879346996,34.8234278980794
PRICE_PROD_321,electrician,wires,C,north,41.432705328107666,57.69457581245498,40.67988250986711,-4.956484438353561,3.544082488735244,32.452848823490164
PRICE_PROD_322,mason,tools,A,south,97.72610722725543,60.1819174493487,27.37954556430024,11.821219319876217,7.710654776848652,83.07585752263614
PRICE_PROD_323,plumber,sealants,B,south,75.28605052612602,62.13462680300163,89.59312423362118,6.642836313452381,3.0374770108791647,50.376583929782356
PRICE_PROD_324,homestay_owner,supplies,C,south,42.428587698794246,76.49721475562191,68.0489665162524,18.13566491637846,9.693644654969662,39.3486569267754
PRICE_PROD_325,mobile_repair,batteries,A,south,99.86487219652341,77.93657760412873,33.35065208465765,9.049655577307597,5.416943027205085,61.10551459659729
PRICE_PROD_326,mason,tools,B,west,64.44297300886285,82.50547004281509,32.45679724649192,2.022534301078842,6.205015779026605,76.31200729525608
PRICE_PROD_327,plumber,fittings,C,central,58.20184065750079,49.461807026687076,86.48870527097372,13.947969071602778,7.740718250321917,34.45961105738609
PRICE_PROD_328,artisan,patterns,D,central,38.57086099271645,71.69875908725308,50.7195207354177,-5.524753190141428,4.300186095059013,33.04660390235249
PRICE_PROD_329,homestay_owner,furniture,A,central,98.12845728269413,75.28641269607087,25.656696526528087,8.528164085961535,7.319371663310159,52.973931121648036
PRICE_PROD_330,appliance_repair,tools,A,west,95.83616866976034,37.42071973856873,66.39834548187125,-1.4296365803186717,5.036500752057156,93.79909941724819
PRICE_PROD_331,homestay_owner,decor,A,south,90.13166288443946,20.20749785863599,30.966486068258003,-12.094749239597537,7.51968182446075,33.172148154245384
PRICE_PROD_332,electrician,switches,C,south,42.45848773958764,40.98618713520776,42.8562298512259,13.230126956355917,7.29691947124293,23.369048471389174
PRICE_PROD_333,mason,cement,A,north,81.68544932222714,47.39141742331786,16.544668616735922,13.919909365543994,9.613250230409543,34.35870019022839
PRICE_PROD_334,welder,safety_gear,B,south,71.90694924726913,84.50422560977346,40.245949327159344,-6.770035172000416,1.9980876831551848,47.134728761960915
PRICE_PROD_335,appliance_repair,parts,A,east,93.99744559224325,51.44537050943845,40.435088682462236,9.68822605869127,9.669418952791288,50.76218431596817
PRICE_PROD_336,carpenter,wood,A,south,81.76146042769356,89.84877795213399,16.15133569405744,-16.5906498392884,5.227797198971518,49.53057637238684
PRICE_PROD_337,appliance_repair,parts,B,west,76.10083275336582,59.12157488785693,61.110129124358686,-9.844771267993423,9.982942310556664,45.75995383226984
PRICE_PROD_338,plumber,sealants,B,north,76.91969949619143,71.9261416460694,13.55816837878522,17.52418963564954,5.935204630448108,38.51877498573702
PRICE_PROD_339,electrician,switches,B,west,61.234532197383004,57.229845329261636,75.67981106277603,-0.8472102114877131,1.710475784103623,44.14664966138032
PRICE_PROD_340,electrician,tools,C,west,55.37217357705768,37.074062572318056,88.30950316169931,18.100242605453055,6.997353814626625,63.10945544379091
PRICE_PROD_341,welder,safety_gear,A,south,96.75450596193514,44.889822274666216,58.90281954762627,-4.497017806597947,4.03391570171083,54.0825400246387
PRICE_PROD_342,homestay_owner,furniture,C,east,47.711323220627705,34.73312370700605,42.22157296521718,-16.4225575241474,7.663523495819265,19.818146137432226
PRICE_PROD_343,plumber,pipes,A,north,97.12857196214003,64.56560855884521,60.353290480243544,12.780121990810855,7.17823231633264,55.3847869769515
PRICE_PROD_344,plumber,tools,D,north,34.022917615815636,72.01111932557248,35.074203691946444,-10.349581870512022,2.181916824452486,61.53884215092619
PRICE_PROD_345,carpenter,finishes,B,east,75.57801027853716,44.03639883310822,37.00679489831192,-8.514907163065448,9.34661957691397,28.767667990075914
PRICE_PROD_346,mason,cement,A,west,90.56207423402205,66.03347053492102,83.30255575733085,-3.0864121105590883,3.622944063134925,60.95668654073237
PRICE_PROD_347,artisan,dyes,D,south,37.972663191053314,54.72271205414433,14.065643557702563,6.3617355330305045,6.713340575508261,20.727287109679324
PRICE_PROD_348,artisan,dyes,B,central,75.98426633643656,24.910112374622557,70.68845691924992,-8.47837704068381,6.958391154508581,37.49459123015655
PRICE_PROD_349,artisan,materials,D,north,24.69617069101107,62.43665669011132,77.01227713335395,11.60914107069004,8.593564016414529,24.93823689214009
PRICE_PROD_350,mobile_repair,parts,D,east,27.20794011457595,73.32764026045066,53.78703934115588,-12.491390756227325,1.5503749529036956,45.00097543346872
PRICE_PROD_351,electrician,breakers,C,north,50.255640265105946,53.1091152590672,12.686526954952768,10.086613758158624,6.693801292289322,23.587898413508057
PRICE_PROD_352,mason,stones,C,east,48.20428154826561,88.00012378724008,15.676270363381395,-2.868511188922401,8.03199129191189,30.506940946059647
PRICE_PROD_353,mobile_repair,screens,C,south,51.02381058703509,44.17423458367384,46.97209526997241,1.6069596359488436,3.822938791282707,32.27870971640285
PRICE_PROD_354,plumber,tools,C,east,47.59587067712526,37.24626998202766,60.835947306334404,-1.4240035640279487,4.762636158918829,53.27205338552032
PRICE_PROD_355,electrician,breakers,A,west,98.27594033043424,75.75421898674225,39.99776580642349,-12.402672018451044,9.306961505638608,51.61252188167311
PRICE_PROD_356,farmer,seeds,B,south,71.56920471518693,25.197622669395013,39.14957149930846,2.5174425862504464,9.34277211366727,27.22263568122375
PRICE_PROD_357,farmer,equipment,B,central,75.43877816568548,82.3922061814141,54.059116663277905,-16.247502960172376,5.338229478484896,131.295075075557
PRICE_PROD_358,electrician,outlets,C,north,55.1914109799209,43.46553963826304,60.14993062701944,-9.38547542078092,1.6438168283273855,41.15424543745825
PRICE_PROD_359,plumber,sealants,C,west,44.159294898585095,29.56806682658081,69.84858033881899,-17.688429646468347,3.161902868404992,27.092697675168793
PRICE_PROD_360,welder,tools,C,central,42.008128466427735,25.58819511255086,13.637512732148238,-19.105230272768093,5.491132701591705,27.20602703221872
PRICE_PROD_361,farmer,fertilizers,D,west,36.46676917579377,65.07721631841933,72.39311608110711,0.9111499127578,1.8617785543821628,41.101577708765525
PRICE_PROD_362,carpenter,tools,A,west,89.81541117921705,41.99120789477897,79.46765922587521,-13.796966332585336,1.5562161320827024,107.95661626523948
PRICE_PROD_363,electrician,tools,D,east,37.514981948806636,33.65449957241438,27.05130385872171,0.6628623150233324,5.4790143351732254,32.491751185663965
PRICE_PROD_364,mason,mortar,A,east,83.16620309082478,89.36267991655629,32.61702929662654,-15.383364963456998,8.626917312101614,44.760386657706135
PRICE_PROD_365,farmer,tools,D,north,30.456695133700663,72.20698147891406,27.46038926771705,-16.835023814816225,4.140183513941912,47.04840238479991
PRICE_PROD_366,carpenter,screws,D,north,35.14932677300877,20.132102469565186,85.25323204216133,-0.4846383249152417,6.004480493747173,21.2642299021737
PRICE_PROD_367,farmer,fertilizers,A,north,92.03469319380976,55.150662304772794,55.08717750978739,-4.580276605545928,7.045509964935479,44.19908890001059
PRICE_PROD_368,carpenter,finishes,C,west,43.7120861451134,45.049740380686636,58.842311358188304,-13.399969357450136,8.623851466762249,21.178781725563468
PRICE_PROD_369,electrician,wires,D,north,33.07177233609696,85.32784828312984,13.410910874738953,1.6660670935098345,8.30271231747583,21.624839760122445
PRICE_PROD_370,artisan,threads,D,west,22.09732972732229,66.94085689061342,78.69203774042629,15.154698803583798,7.395326044312954,25.437012125868414
PRICE_PROD_371,plumber,pipes,D,north,37.41558066555816,63.54156667409028,12.689199926243964,14.313876200839047,6.482812674410976,24.602110416751476
PRICE_PROD_372,artisan,threads,D,central,30.878993457458016,39.85520613190377,39.03862520200356,-0.4279221185841138,5.031968349866457,20.69544501668738
PRICE_PROD_373,appliance_repair,manuals,A,central,98.1943432465916,22.32259166424334,35.69083704122547,10.748058545164593,6.99232329186434,38.96165598421803
PRICE_PROD_374,appliance_repair,manuals,B,west,75.00791273911423,71.09837062124481,83.02574514079284,-0.010745883128819855,8.292853845169137,50.11564250402245
PRICE_PROD_375,carpenter,nails,D,central,29.45781616808941,35.65180383359776,77.35237792462142,-7.970450145228076,7.913144461230669,17.494958079375877
PRICE_PROD_376,carpenter,tools,A,west,98.29502544139643,84.66897724736666,83.04840940337013,15.605133111085408,8.379324165209344,111.5507283901891
PRICE_PROD_377,mason,tools,C,central,48.25430604092583,77.01694092058636,59.74564909968727,-7.449085546486964,8.0219666587757,67.02323212108114
PRICE_PROD_378,plumber,sealants,C,south,42.706527412959595,72.7449463653729,40.00122222118112,2.8850294480195338,9.131169060262769,28.285654292199276
PRICE_PROD_379,welder,gas,D,central,35.03968882712041,70.44011330208323,32.60868798148526,-12.809189083450754,9.432834747165453,22.01209441437624
PRICE_PROD_380,mobile_repair,accessories,A,central,98.57977647680791,38.906963444453986,12.813233474182244,-15.82403373438428,7.739797311318358,58.34861802674076
PRICE_PROD_381,electrician,wires,C,west,59.833946364504534,24.75593673004513,80.77776529619834,-6.705166104317648,5.706917372747472,34.377139597905526
PRICE_PROD_382,electrician,switches,A,central,89.90353991286642,59.71584434132723,64.17856230302756,2.2926327372412025,1.7956294034941958,60.59086442512262
PRICE_PROD_383,plumber,sealants,D,central,33.46735068331762,74.60637291703182,54.505188707399896,18.88208735453764,8.095541649598538,29.12177755011738
PRICE_PROD_384,electrician,outlets,B,central,72.46865641782777,20.405456790068357,89.75164223605563,15.291295305115177,8.321185466798106,36.164495087598766
PRICE_PROD_385,plumber,fixtures,A,north,91.60025947233093,30.640316724742213,32.56412273713413,7.005566401498847,6.2225687033759085,40.08264897065019
PRICE_PROD_386,artisan,threads,C,central,54.61047380076965,45.39264200895717,78.18639532675871,-6.870584813866891,4.516856154365492,35.64301781436047
PRICE_PROD_387,homestay_owner,furniture,C,central,46.617477986509925,46.09985874904603,43.96266669865301,2.440726392592886,7.582233433013793,27.237754368197862
PRICE_PROD_388,mason,bricks,D,east,32.586989982343894,20.767840430113907,61.078599850769145,5.143874871290798,7.9333007772829705,14.070818831287184
PRICE_PROD_389,welder,tools,A,north,86.63901202785624,60.608316986045324,85.702777342804,-16.58312683906086,9.871873822939923,94.18403294616056
PRICE_PROD_390,mason,stones,B,north,64.11904916961376,77.49373542700249,85.29605243564019,-19.72870845593926,7.1710345710688195,40.81920604568421
PRICE_PROD_391,farmer,fertilizers,D,central,22.33991986501238,46.62022584254282,16.609039983820495,7.550754846138066,3.4019270384491227,19.58710656870603
PRICE_PROD_392,artisan,materials,D,central,32.27856612360018,61.33524059015317,39.56536105300757,15.209422178090719,3.3631351023245797,30.27786533635736
PRICE_PROD_393,carpenter,finishes,B,south,68.64675711883467,81.92954326280241,39.45135355735473,-18.62876246464839,3.3827017025056447,44.65544148000095
PRICE_PROD_394,appliance_repair,tools,B,central,77.31534348990412,76.27381013858995,77.63563877956327,18.00595283590416,7.320309426468027,86.82732595501004
PRICE_PROD_395,carpenter,tools,D,south,24.805991017123333,38.41838786527309,46.67328315902486,-18.955686152178657,5.452374411905059,30.69554271292115
PRICE_PROD_396,appliance_repair,manuals,B,central,76.93966451801755,37.30779184308042,47.13438796091468,-5.6644322279642125,4.821123433016117,35.77658352132567
PRICE_PROD_397,carpenter,nails,D,south,33.70202196514354,49.22752811612737,89.18730741588409,-10.434880303334229,3.1988082627937207,30.898691186437915
PRICE_PROD_398,electrician,wires,B,central,63.12281448153285,33.52177554971114,16.40482438832578,-6.296565484746335,6.52319233334956,24.793463247391404
PRICE_PROD_399,mobile_repair,tools,B,central,63.70528839514885,56.4562474701704,77.20857512719962,-4.5114976420847785,7.669100100236801,75.93232868888026
PRICE_PROD_400,carpenter,screws,D,west,36.22588049489919,26.192177959910893,24.917931667423588,-11.225026653909872,9.343921034299166,9.817328707761186
PRICE_PROD_401,carpenter,wood,A,central,94.41685405855723,27.871215085860438,66.88339888933362,6.876417612125181,4.209493773590035,49.8064043531864
PRICE_PROD_402,electrician,switches,D,east,20.362176497010672,70.0213127866558,27.58704019164177,-15.75411233921304,6.107657663791642,18.542511730946885
PRICE_PROD_403,homestay_owner,supplies,D,central,35.17646068298866,47.483288838370456,89.91572119083885,-18.46619412184646,9.443763705550401,23.73699483782776
PRICE_PROD_404,mason,cement,B,west,71.86860403761365,86.8044831518198,55.87131106806177,12.601337894968047,8.966753481994505,49.56638340107741
PRICE_PROD_405,mason,tools,C,west,47.96199849009864,71.9060273512564,67.79203030473992,3.417070456815882,9.2100518720025,63.56646001292011
PRICE_PROD_406,appliance_repair,tools,A,east,93.41488240312724,35.51159240128054,32.459221633267745,9.969452290658364,4.84599381049512,82.53055363082125
PRICE_PROD_407,carpenter,nails,A,central,86.61236964013992,87.91332498459302,79.3734817744887,17.10793139140621,6.991925119465217,64.07977394384052
PRICE_PROD_408,plumber,pipes,A,west,80.27220489181937,28.751474294633383,67.77596652386976,-19.457883462252003,1.5223892943890562,42.638718522977825
PRICE_PROD_409,plumber,sealants,D,east,31.011101396488577,57.4138490734854,67.00743134456691,18.930492789201345,5.676902768925442,26.76740226496337
PRICE_PROD_410,carpenter,finishes,D,east,31.91975767917037,45.05513184321677,88.61758979020215,-1.625315265363941,7.192268492317161,25.724456544132106
PRICE_PROD_411,appliance_repair,parts,C,south,53.42909343189693,50.01396811536615,86.86781546661182,-14.844559506578033,4.267609961437748,50.496712154923564
PRICE_PROD_412,artisan,materials,C,central,47.62351861172159,82.43034096737574,62.51288334903225,-19.35346730615555,7.070444844195683,33.16947022031956
PRICE_PROD_413,mason,bricks,B,north,65.54689290266339,28.881332908165366,80.15723023471595,-17.15059923733819,2.339942946731693,43.58887186133734
PRICE_PROD_414,homestay_owner,supplies,D,central,25.514202749318475,44.97884867131056,30.31877660668804,14.924803247963759,6.70601668422398,18.572350437292737
PRICE_PROD_415,electrician,switches,C,west,41.16421490374902,40.622240898389165,42.06513558632575,13.51418024967645,9.02172369972474,19.314281979879542
PRICE_PROD_416,farmer,tools,A,south,90.72057174927694,23.546866582390148,74.82539919014786,16.89443946378993,8.816638583285869,73.79034167886043
PRICE_PROD_417,welder,rods,A,north,89.18912366157988,68.79414805079566,45.19453560076194,-18.963315164144557,2.2182358593135554,49.55574053569097
PRICE_PROD_418,plumber,sealants,D,north,24.050464476275295,57.1773861755022,17.331019849395464,-3.2940871953746154,7.233718408476504,15.408776866767553
PRICE_PROD_419,artisan,tools,D,south,38.12269859759532,89.15769696669334,30.52286651404552,0.002730118165960249,3.6245999063850842,70.9678846509286
PRICE_PROD_420,appliance_repair,tools,C,north,54.241266000955875,35.94157868774598,42.806211590877254,2.725512632470437,9.594154194656866,42.18983120855236
PRICE_PROD_421,carpenter,screws,C,east,44.04451011706239,58.63049317193095,15.746778079861627,14.360809635240145,2.4592562270198615,33.15106507150786
PRICE_PROD_422,plumber,sealants,A,south,98.88903757016138,52.23526115571912,18.131962071618936,15.31555707260378,9.643902845686512,40.97086439503589
PRICE_PROD_423,electrician,breakers,A,north,88.8104512321199,71.52456730659424,50.55451803664244,-6.2136799501822395,5.289854794148221,46.83192585179208
PRICE_PROD_424,carpenter,screws,D,east,31.174036286614026,60.90208413323611,64.69605106356893,0.42910115673946336,8.143476112909209,23.754361565724256
PRICE_PROD_425,farmer,equipment,D,west,28.752339247684084,39.39024504296856,84.93587638529411,6.945110557237207,3.8760539860329444,74.46591417080381
PRICE_PROD_426,artisan,materials,C,north,40.57806287974983,55.88683184177994,12.186364717644897,-2.2578804660510343,2.682091367342519,25.343952759214517
PRICE_PROD_427,plumber,sealants,C,east,52.40949545460167,86.93072953900479,75.8214494748806,13.875538798554139,7.499946597413712,42.70673849177054
PRICE_PROD_428,mason,stones,A,central,81.65153908773533,26.082586484949193,37.37087288758658,18.999680307787898,3.7372921377554924,40.98275882314921
PRICE_PROD_429,artisan,tools,A,east,99.65172804901891,78.09854297429183,18.626237747332972,14.329049070976076,4.684177933172495,100.0387021836478
PRICE_PROD_430,plumber,fixtures,A,south,99.61113354642517,54.861666348115634,85.41195851572556,-19.856610803369318,9.061364774257507,51.47475998076479
PRICE_PROD_431,electrician,tools,A,west,85.3869373319376,45.18499381843533,61.85809517325181,-10.554805703416893,7.129598135937753,81.32838067010073
PRICE_PROD_432,welder,tools,B,north,77.24866645461272,43.326335754347596,65.66342968766145,-9.24540882797029,7.192057542895172,70.51211802452724
PRICE_PROD_433,welder,tools,C,south,50.90815501960801,71.95025798954875,44.175126066762054,10.777214634067231,4.198836820298588,78.26650172207653
PRICE_PROD_434,electrician,switches,C,north,42.46680612979721,20.97321084192628,11.78540207822171,1.5550883103032866,1.6109673046135737,21.014317852898376
PRICE_PROD_435,artisan,threads,D,east,30.7638667893302,37.58923723441736,38.25102948267285,16.235912159218678,6.0618915289837405,17.3960119079248
PRICE_PROD_436,mobile_repair,parts,B,west,72.65173326777533,58.797732809716834,19.28336315294579,3.8297990478560564,3.416681277758159,54.62083388582915
PRICE_PROD_437,farmer,tools,B,south,65.26982312602944,37.33248609734373,59.687295871196994,-12.474903902830201,5.237289282082844,61.46785704465181
PRICE_PROD_438,farmer,fertilizers,C,north,41.033456120233126,82.8914341485566,67.09797039426408,0.7427097295225913,2.48523798860428,46.95844673276979
PRICE_PROD_439,homestay_owner,amenities,B,north,78.12021733390358,26.391436496726165,22.8150996325118,4.131434429206276,1.7617671078690909,40.07750849853734
PRICE_PROD_440,artisan,tools,B,east,62.534041901462786,34.33987386287278,52.69410283465268,-5.176316459737663,6.4795775218527645,62.717989455403455
PRICE_PROD_441,electrician,switches,D,west,31.278600190629493,54.59750118483315,50.45252126373988,15.146678503544372,7.579517914307728,21.188932771737132
PRICE_PROD_442,welder,rods,D,west,28.649038785435877,36.52959617964484,13.51787640912697,-6.990956855835101,3.921157040725371,14.976589999099687
PRICE_PROD_443,plumber,sealants,D,east,33.40726167113472,49.77539615667162,72.67581919432891,-5.669113516866208,3.7488134327913096,33.322024127529914
PRICE_PROD_444,mason,tools,B,north,73.47852704085918,37.40960704829075,28.654723227379606,18.25924607944132,8.565269611223577,52.09657741426044
PRICE_PROD_445,artisan,materials,C,central,40.08684101581686,78.14774826934455,68.72749134824085,8.163574745884436,2.8419408634416836,37.74218836566305
PRICE_PROD_446,electrician,wires,A,south,84.51497665588553,36.9839961459049,55.48991960783749,10.090785628723552,8.453767533503212,41.30708685656014
PRICE_PROD_447,artisan,dyes,B,south,78.4854709103013,38.57663100282437,21.85428503560334,19.224736816876074,6.62138519834938,36.79200436135302
PRICE_PROD_448,mason,bricks,A,south,86.32715636993191,29.672606293792107,62.88081449927386,12.362215332794968,5.509066374374022,45.56204299225072
PRICE_PROD_449,artisan,dyes,A,north,98.6231721005072,26.433519244671103,89.42021691350924,-6.554040728672881,2.630088863241767,52.182997862172066
PRICE_PROD_450,homestay_owner,supplies,A,west,86.84296126912012,75.99247971815876,14.449273376307472,-9.114756757152227,3.4772279718543384,51.63371946974554
PRICE_PROD_451,electrician,breakers,B,central,71.98020987348373,35.65376086101885,41.815127780369295,11.174865575706178,4.839281608152559,40.473655252985985
PRICE_PROD_452,electrician,outlets,A,central,88.57749906228912,56.80527956683114,48.11680831639922,19.57066695047584,2.9525614709961636,58.64995350212444
PRICE_PROD_453,homestay_owner,decor,A,north,98.83139978825645,84.15391287061406,88.79604706741196,-8.533463951834497,1.2081045032569497,64.21014406379986
PRICE_PROD_454,mobile_repair,tools,A,north,81.78093585907226,83.16604658375695,31.385545970445428,19.261490200483223,8.944590993367859,81.86739063431033
PRICE_PROD_455,carpenter,wood,B,central,79.92311313041728,45.445394606329955,49.12560196324236,-19.546260802522866,2.8431242775789256,48.96297388577607
PRICE_PROD_456,artisan,tools,C,north,43.02586550693867,45.949562822394306,54.91371853803676,-5.857241555839071,3.0114273813689216,58.48974950456951
PRICE_PROD_457,farmer,fertilizers,C,central,48.99607283186143,68.33301492013788,48.712347952382686,9.369494517184712,7.547396704542282,32.81458408233457
PRICE_PROD_458,appliance_repair,manuals,D,east,35.727090504187565,51.31658748666609,79.24879752878174,-17.640830913141667,6.89762872530725,24.2413349870471
PRICE_PROD_459,mobile_repair,screens,B,south,73.88755864526708,88.82708624811278,38.143857116768736,-4.815200954271987,1.8071540978193499,49.93292039575542
PRICE_PROD_460,plumber,fixtures,C,west,59.680161857028125,77.52432649601579,79.94006985534982,-5.275058499744194,9.076332631670226,40.35654142369111
PRICE_PROD_461,carpenter,tools,A,east,85.84948874005443,46.68316819753421,37.784267019198666,5.591227758543724,6.796444637782978,80.11201489180647
PRICE_PROD_462,plumber,fittings,C,central,40.251052024094236,37.54014731441181,44.29657868065465,-15.029336965134746,3.7735130218577844,23.76475005015349
PRICE_PROD_463,farmer,tools,C,west,54.56429466401992,22.035992773034916,81.71726731386296,6.90432014146403,5.62357895460591,63.700136476909584
PRICE_PROD_464,plumber,fittings,D,north,31.921447699848365,80.52033162735066,28.854458219075152,-10.15042716455671,8.12396827986624,22.587228668140735
PRICE_PROD_465,homestay_owner,furniture,B,north,65.62774695049936,45.570517502622934,40.04805097833799,-18.97985593325855,8.087359247518936,26.674784944162564
PRICE_PROD_466,welder,safety_gear,B,west,76.64482551079212,23.964024000118158,33.771521887976526,18.603912230566976,4.759929306632148,37.234260571478735
PRICE_PROD_467,mason,bricks,C,west,44.146478059532,27.354597505287654,41.95266905182534,2.6013631165003375,5.1820523344435445,23.163814021243116
PRICE_PROD_468,artisan,dyes,C,north,49.09895285958537,64.6446888076824,20.78401542759063,-1.0597392186349595,2.7341166270578072,32.201783262313675
PRICE_PROD_469,farmer,equipment,C,east,45.807999311667345,66.25606852600967,63.922895511784745,15.444570110964506,2.200836863811976,110.92073076781006
PRICE_PROD_470,mobile_repair,accessories,D,central,36.15264526015916,63.89829561674951,14.868445146760525,-6.108107180626421,4.531216113191047,39.52092355942133
PRICE_PROD_471,farmer,tools,C,east,53.329436871010955,39.461110281956365,68.665500295421,15.188637362353418,5.970526171307034,60.685467793498844
PRICE_PROD_472,mobile_repair,tools,C,north,54.06980419088221,43.515841435531975,22.129789005617706,2.8550320580188107,9.65351132277605,41.896903250829034
PRICE_PROD_473,homestay_owner,supplies,C,central,40.201680974895936,33.397051327178666,58.18304101992976,-8.909464535473637,4.995475050970738,29.019295976326912
PRICE_PROD_474,electrician,switches,C,central,44.55451093436797,52.182979772884295,11.731653720190698,3.413807954145124,4.070033631778441,28.050114467568395
PRICE_PROD_475,farmer,tools,A,central,89.31828942408092,39.255192631027775,38.16746719810187,1.3037663179414913,2.782961390584843,95.95812140789612
PRICE_PROD_476,welder,tools,D,west,21.263252609005193,77.2042137605676,72.79330382575932,8.96041497704141,2.0763447585429624,69.4978581958804
PRICE_PROD_477,mobile_repair,tools,B,east,62.725085233982384,85.30714288578216,26.2171453235789,10.443092403208357,5.310172966560094,81.23072090744544
PRICE_PROD_478,electrician,outlets,B,south,62.75075302181435,29.70103770566216,33.4310953072839,14.274152363877675,5.8533229218258604,28.06743926778363
PRICE_PROD_479,appliance_repair,parts,A,west,92.0065277215076,50.42314737346517,81.59843132093681,-6.312749692342834,2.570658608123236,69.74000030683422
PRICE_PROD_480,artisan,threads,B,north,75.1095053402483,53.22008112590299,50.82075281861003,-3.0419908022526876,3.34483557137582,42.8289222254248
PRICE_PROD_481,homestay_owner,decor,B,south,73.93573590877041,69.4709747527148,77.32397677406735,2.8676842823685575,6.33205626405629,47.55714799279068
PRICE_PROD_482,mobile_repair,screens,B,central,65.89877975704803,28.01028125011325,83.56904457167035,-13.501777507988152,3.9586714560801726,38.12454797780218
PRICE_PROD_483,farmer,tools,A,east,89.38834097227488,33.049352576473304,13.678468622905866,16.267849465487224,6.349611676790953,71.91421853082703
PRICE_PROD_484,mason,mortar,A,north,84.30332983684033,77.1113637419084,73.12027736362941,4.047485004027646,5.072428801780336,55.86279584338722
PRICE_PROD_485,welder,metals,A,north,90.38009459601491,84.66758886247328,45.548644586366095,-18.84047247331707,2.775961840722834,59.54516000829584
PRICE_PROD_486,electrician,outlets,D,east,28.77583257503303,42.6956156379393,11.827669751565724,0.9261204966639269,5.415526146502072,16.267652597563572
PRICE_PROD_487,plumber,sealants,D,south,36.16087240977045,37.077785147111605,14.489888496579884,-10.788403718448794,3.5856754604006515,20.14844136074342
PRICE_PROD_488,carpenter,screws,B,west,60.156194144035496,70.16369184383598,69.30583124577544,9.60760578563104,8.373217985434966,39.093485834702726
PRICE_PROD_489,homestay_owner,linens,C,west,40.05094321757053,77.89081955822482,79.83917853556957,8.97936717746429,9.845128533576666,31.050581961168895
PRICE_PROD_490,mason,tools,D,south,21.055122997381574,67.2720346472456,87.87617545624309,10.672767198582356,5.2867117239289145,59.09560052071292
PRICE_PROD_491,welder,metals,C,west,52.1755761893189,32.47560078376189,49.480142769996874,8.765265467863827,9.923024428744927,21.610341721804996
PRICE_PROD_492,homestay_owner,decor,B,west,61.89732840013553,73.86933640688284,66.76699839269075,16.13081150219604,4.105235747860669,52.205693908531686
PRICE_PROD_493,carpenter,wood,D,central,26.557587277978943,38.761917403089654,62.543797553358544,-6.152934949679189,8.092377609871157,17.28337402676914
PRICE_PROD_494,appliance_repair,tools,D,central,33.401622538558414,33.19901601805411,52.37798829258431,-1.9009243522348207,1.4189463891227048,53.205044817679735
PRICE_PROD_495,farmer,equipment,B,west,75.1442661401013,28.012776509208464,42.90200625673302,17.521618092621217,8.633859509057002,70.55095795471564
PRICE_PROD_496,homestay_owner,amenities,A,south,82.80108621300614,22.27333084170972,14.587089106817563,11.877237235212107,8.208425214467782,27.166294480792697
PRICE_PROD_497,appliance_repair,manuals,A,south,89.04633952066567,28.884774047475084,13.368750014299868,-2.2187963398261523,5.220341155850087,37.00245461228994
PRICE_PROD_498,homestay_owner,linens,C,south,56.46019622673751,60.95196326322781,25.546755769406424,-11.67276711423549,7.349253108908338,29.414422419171352
PRICE_PROD_499,mobile_repair,tools,D,central,24.04791188130544,38.09355079164321,20.359768821178534,6.649484023397136,9.502269861703672,14.258926739697182
